{"cameraMode":{"drawMode":0,"name":"Shaded","section":"Shading Mode"},"sceneLighting":false,"audioPlay":false,"sceneViewState":{"showFog":true,"showMaterialUpdate":false,"showSkybox":true,"showFlares":true,"showImageEffects":true,"showParticleSystems":true},"in2DMode":false,"pivot":{"x":-0.018787629902362825,"y":0.5777183175086975,"z":1.9860748052597047},"rotation":{"x":-0.1778264343738556,"y":-0.02357451803982258,"z":0.004259990993887186,"w":-0.9837702512741089},"size":2.623619318008423,"orthographic":false}