{"cameraMode":{"drawMode":0,"name":"Shaded","section":"Shading Mode"},"sceneLighting":true,"audioPlay":false,"sceneViewState":{"showFog":true,"showMaterialUpdate":false,"showSkybox":true,"showFlares":true,"showImageEffects":true,"showParticleSystems":true},"in2DMode":false,"pivot":{"x":4.914522171020508,"y":1.9250001907348633,"z":7.000699043273926},"rotation":{"x":-0.012844729237258435,"y":0.9817073345184326,"z":-0.175921231508255,"w":-0.07167581468820572},"size":3.9255716800689699,"orthographic":false}