{"cameraMode":{"drawMode":0,"name":"Shaded","section":"Shading Mode"},"sceneLighting":false,"audioPlay":false,"sceneViewState":{"showFog":true,"showMaterialUpdate":false,"showSkybox":true,"showFlares":true,"showImageEffects":true,"showParticleSystems":true},"in2DMode":false,"pivot":{"x":0.3037620782852173,"y":-0.06307649612426758,"z":0.6265759468078613},"rotation":{"x":-0.28462180495262148,"y":0.08677507191896439,"z":-0.02588125690817833,"w":-0.9543535709381104},"size":4.604579448699951,"orthographic":false}