{"cameraMode":{"drawMode":0,"name":"Shaded","section":"Shading Mode"},"sceneLighting":false,"audioPlay":false,"sceneViewState":{"showFog":true,"showMaterialUpdate":false,"showSkybox":true,"showFlares":true,"showImageEffects":true,"showParticleSystems":true},"in2DMode":false,"pivot":{"x":10.0973482131958,"y":1.0361449718475342,"z":6.92733097076416},"rotation":{"x":-0.2343522608280182,"y":-0.1324804127216339,"z":0.03225459158420563,"w":-0.9625422954559326},"size":1.352843999862671,"orthographic":false}