{"cameraMode":{"drawMode":0,"name":"Shaded","section":"Shading Mode"},"sceneLighting":true,"audioPlay":false,"sceneViewState":{"showFog":true,"showMaterialUpdate":false,"showSkybox":true,"showFlares":true,"showImageEffects":true,"showParticleSystems":true},"in2DMode":false,"pivot":{"x":1.1742312908172608,"y":1.0593544244766236,"z":-0.912967324256897},"rotation":{"x":-0.09617713838815689,"y":-0.6299794912338257,"z":0.07903902232646942,"w":-0.7665693163871765},"size":4.8205389976501469,"orthographic":false}