{"cameraMode":{"drawMode":0,"name":"Shaded","section":"Shading Mode"},"sceneLighting":false,"audioPlay":false,"sceneViewState":{"showFog":true,"showMaterialUpdate":false,"showSkybox":true,"showFlares":true,"showImageEffects":true,"showParticleSystems":true},"in2DMode":false,"pivot":{"x":6.552211761474609,"y":0.7708476781845093,"z":6.577073574066162},"rotation":{"x":-0.07981440424919129,"y":0.7675742506980896,"z":-0.09748365730047226,"w":-0.6284555196762085},"size":1.270827293395996,"orthographic":false}